RCDTS,School Name,City,County,School Type,SAT Reading Average Score,SAT Math Average Score,Total SAT Score,SAT Score Percentage
010010010260001,Seymour High School,Payson,Adams,HIGH SCHOOL,473.4,455.2,928.5999999999999,58%
010010020260001,Liberty High School,Liberty,Adams,HIGH SCHOOL,470.2,481.5,951.7,59%
010010030260001,Central High School,Camp Point,Adams,HIGH SCHOOL,506.2,507.1,1013.3,63%
010010040260001,Unity High School,Mendon,Adams,HIGH SCHOOL,485.1,464.4,949.5,59%
010011720220003,Quincy Sr High School,Quincy,Adams,HIGH SCHOOL,476.4,449.4,925.8,57%
010050010260001,Brown County High School,Mount Sterling,Brown,HIGH SCHOOL,491.0,487.1,978.1,61%
010090150260007,Beardstown Jr/Sr High School,Beardstown,Cass,HIGH SCHOOL,419.3,394.2,813.5,50%
010090640260003,Virginia Jr/ Sr High School,Virginia,Cass,HIGH SCHOOL,490.8,468.3,959.1,59%
010092620260002,A-C Central High School,Ashland,Cass,HIGH SCHOOL,469.2,441.7,910.9,56%
010690010260001,Franklin Jr/Sr High School,Franklin,Morgan,HIGH SCHOOL,455.5,433.6,889.1,55%
010690060260001,Waverly Junior/Senior High School,Waverly,Morgan,HIGH SCHOOL,445.2,424.8,870.0,54%
010690110260001,Meredosia-Chambersburg High Sch,Meredosia,Morgan,HIGH SCHOOL,416.7,388.7,805.4,50%
010690270260001,Triopia Jr-Sr High School,Concord,Morgan,HIGH SCHOOL,476.2,491.0,967.2,60%
010691170220014,Jacksonville High School,Jacksonville,Morgan,HIGH SCHOOL,477.6,448.2,925.8,57%
010750030260002,Pleasant Hill High School,Pleasant Hill,Pike,HIGH SCHOOL,438.3,422.3,860.6,53%
010750040260002,Griggsville-Perry High School,Griggsville,Pike,HIGH SCHOOL,461.0,438.0,899.0,56%
010750100260009,Pittsfield High School,Pittsfield,Pike,HIGH SCHOOL,470.5,450.3,920.8,57%
010750120260001,Western High School,Barry,Pike,HIGH SCHOOL,493.3,463.7,957.0,59%
010860010260001,Winchester High School,Winchester,Scott,HIGH SCHOOL,460.3,443.6,903.9000000000001,56%
010860020260001,Bluffs High School,Bluffs,Scott,HIGH SCHOOL,451.7,466.7,918.4,57%
030030010260001,Mulberry Grove Sr High School,Mulberry Grove,Bond,HIGH SCHOOL,451.6,443.4,895.0,55%
030030020260001,Bond Cty Comm Unit 2 High School,Greenville,Bond,HIGH SCHOOL,495.2,472.9,968.0999999999999,60%
030110010260002,Morrisonville High School,Morrisonville,Christian,HIGH SCHOOL,447.8,403.5,851.3,53%
030110030260006,Taylorville Sr High School,Taylorville,Christian,HIGH SCHOOL,475.2,453.2,928.4,58%
030110040260002,Edinburg High School,Edinburg,Christian,HIGH SCHOOL,493.1,402.3,895.4000000000001,55%
030110080260006,Pana Sr High School,Pana,Christian,HIGH SCHOOL,473.0,438.6,911.6,56%
030110140240001,South Fork Jr Sr High School,Kincaid,Christian,HIGH SCHOOL,417.0,393.5,810.5,50%
030250100260001,Altamont High School,Altamont,Effingham,HIGH SCHOOL,462.2,445.3,907.5,56%
030250200260001,Beecher City Jr-Sr High School,Beecher City,Effingham,HIGH SCHOOL,504.2,524.2,1028.4,64%
030250300260001,Dieterich Jr/Sr High School,Dieterich,Effingham,HIGH SCHOOL,468.6,468.9,937.5,58%
030250400260001,Effingham High School,Effingham,Effingham,HIGH SCHOOL,471.2,451.4,922.5999999999999,57%
030250500260001,Teutopolis High School,Teutopolis,Effingham,HIGH SCHOOL,503.4,492.0,995.4,62%
030262010260003,Brownstown High School,Brownstown,Fayette,HIGH SCHOOL,456.2,434.8,891.0,55%
030262020260002,St Elmo Sr High School,Saint Elmo,Fayette,HIGH SCHOOL,476.6,446.9,923.5,57%
030262030260001,Vandalia Community High School,Vandalia,Fayette,HIGH SCHOOL,448.1,437.5,885.6,55%
030262040260002,Ramsey High School,Ramsey,Fayette,HIGH SCHOOL,456.9,455.2,912.0999999999999,57%
030680020260001,Lincolnwood High School,Raymond,Montgomery,HIGH SCHOOL,463.7,457.0,920.7,57%
030680030260001,Hillsboro High School,Hillsboro,Montgomery,HIGH SCHOOL,457.0,431.2,888.2,55%
030680120260001,Litchfield Senior High School,Litchfield,Montgomery,HIGH SCHOOL,463.9,445.5,909.4,56%
030680220260001,Nokomis Jr/Sr High Sch,Nokomis,Montgomery,HIGH SCHOOL,465.4,468.3,933.7,58%
040041000260001,Belvidere High School,Belvidere,Boone,HIGH SCHOOL,438.0,410.5,848.5,53%
040041000260002,Belvidere North High Sch,Belvidere,Boone,HIGH SCHOOL,480.4,454.6,935.0,58%
040042000260003,North Boone High School,Poplar Grove,Boone,HIGH SCHOOL,461.4,434.6,896.0,56%
041011220220002,Harlem High School,Machesney Park,Winnebago,HIGH SCHOOL,465.1,444.3,909.4000000000001,56%
041012050250001,Auburn High School,Rockford,Winnebago,HIGH SCHOOL,473.6,447.2,920.8,57%
041012050250002,Rockford East High School,Rockford,Winnebago,HIGH SCHOOL,429.3,410.3,839.6,52%
041012050250003,Guilford High School,Rockford,Winnebago,HIGH SCHOOL,464.9,440.2,905.0999999999999,56%
041012050250004,Jefferson High School,Rockford,Winnebago,HIGH SCHOOL,406.7,385.0,791.7,49%
041012070160001,Hononegah CHD High School,Rockton,Winnebago,HIGH SCHOOL,548.9,528.4,1077.3,67%
041013200260001,South Beloit Sr High School,South Beloit,Winnebago,HIGH SCHOOL,460.4,462.6,923.0,57%
041013210260001,Pecatonica High School,Pecatonica,Winnebago,HIGH SCHOOL,533.0,510.2,1043.2,65%
041013220260001,Durand High School,Durand,Winnebago,HIGH SCHOOL,470.6,446.3,916.9000000000001,57%
041013230260001,Winnebago High School,Winnebago,Winnebago,HIGH SCHOOL,495.9,480.1,976.0,61%
050162020170001,Evanston Twp High School,Evanston,Cook,HIGH SCHOOL,542.2,522.4,1064.6,66%
050162030170001,New Trier Township H S Winnetka,Winnetka,Cook,HIGH SCHOOL,612.4,603.8,1216.1999999999998,76%
050162070170001,Maine East High School,Park Ridge,Cook,HIGH SCHOOL,483.1,465.7,948.8,59%
050162070170003,Maine South High School,Park Ridge,Cook,HIGH SCHOOL,549.7,542.1,1091.8000000000002,68%
050162070170004,Maine West High School,Des Plaines,Cook,HIGH SCHOOL,484.1,469.3,953.4000000000001,59%
050162110170001,J B Conant High School,Hoffman Estates,Cook,HIGH SCHOOL,534.7,552.2,1086.9,67%
050162110170002,Wm Fremd High School,Palatine,Cook,HIGH SCHOOL,572.1,583.2,1155.3000000000002,72%
050162110170003,Palatine High School,Palatine,Cook,HIGH SCHOOL,478.3,470.6,948.9000000000001,59%
050162110170004,Schaumburg High School,Schaumburg,Cook,HIGH SCHOOL,518.3,532.3,1050.6,65%
050162110170006,Hoffman Estates High School,Hoffman Estates,Cook,HIGH SCHOOL,501.5,497.7,999.2,62%
050162140170002,Elk Grove High School,Elk Grove Village,Cook,HIGH SCHOOL,479.3,461.9,941.2,58%
050162140170004,John Hersey High School,Arlington Heights,Cook,HIGH SCHOOL,577.9,564.2,1142.1,71%
050162140170005,Prospect High School,Mt Prospect,Cook,HIGH SCHOOL,557.9,551.1,1109.0,69%
050162140170006,Wheeling High School,Wheeling,Cook,HIGH SCHOOL,457.7,458.7,916.4,57%
050162140170007,Rolling Meadows High School,Rolling Meadows,Cook,HIGH SCHOOL,504.8,488.8,993.6,62%
050162140170008,Buffalo Grove High School,Buffalo Grove,Cook,HIGH SCHOOL,512.6,521.3,1033.9,64%
050162190170002,Niles North High School,Skokie,Cook,HIGH SCHOOL,522.9,510.4,1033.3,64%
050162190170003,Niles West High School,Skokie,Cook,HIGH SCHOOL,513.0,507.6,1020.6,63%
050162250170001,Glenbrook North High School,Northbrook,Cook,HIGH SCHOOL,597.0,607.7,1204.7,75%
050162250170002,Glenbrook South High School,Glenview,Cook,HIGH SCHOOL,561.4,559.5,1120.9,70%
060162000130001,Oak Park & River Forest High Sch,Oak Park,Cook,HIGH SCHOOL,562.8,538.0,1100.8,68%
060162010170001,J Sterling Morton East High Sch,Cicero,Cook,HIGH SCHOOL,428.4,417.8,846.2,52%
060162010170002,J Sterling Morton West High Sch,Berwyn,Cook,HIGH SCHOOL,450.7,427.6,878.3,54%
060162040170001,Lyons Twp High Sch,La Grange,Cook,HIGH SCHOOL,549.2,550.9,1100.1,68%
060162080170001,Riverside Brookfield Twp HS,Riverside,Cook,HIGH SCHOOL,531.7,523.9,1055.6,65%
060162090170001,Proviso East High School,Maywood,Cook,HIGH SCHOOL,418.1,383.2,801.3,50%
060162090170002,Proviso West High School,Hillside,Cook,HIGH SCHOOL,415.2,390.5,805.7,50%
060162090170003,Proviso Math and Science Academy,Forest Park,Cook,HIGH SCHOOL,539.4,508.7,1048.1,65%
060162120160001,East Leyden High School,Franklin Park,Cook,HIGH SCHOOL,465.4,453.1,918.5,57%
060162120160002,West Leyden High School,Northlake,Cook,HIGH SCHOOL,461.6,441.2,902.8,56%
060162340160001,Ridgewood Comm High School,Norridge,Cook,HIGH SCHOOL,483.0,471.4,954.4,59%
060164010260001,Elmwood Park High School,Elmwood Park,Cook,HIGH SCHOOL,469.8,460.2,930.0,58%
070162050170001,Thornton Township High School,Harvey,Cook,HIGH SCHOOL,414.7,398.2,812.9,50%
070162050170002,Thornridge High School,Dolton,Cook,HIGH SCHOOL,402.8,383.1,785.9000000000001,49%
070162050170003,Thornwood High School,South Holland,Cook,HIGH SCHOOL,422.9,406.9,829.8,51%
070162060170001,Bloom High School,Chicago Heights,Cook,HIGH SCHOOL,421.7,399.4,821.0999999999999,51%
070162060170002,Bloom Trail High School,Chicago Heights,Cook,HIGH SCHOOL,422.1,394.0,816.1,51%
070162100170001,Lemont Twp High School,Lemont,Cook,HIGH SCHOOL,544.8,542.7,1087.5,67%
070162150170001,Thornton Fractnl No High School,Calumet City,Cook,HIGH SCHOOL,425.8,397.1,822.9000000000001,51%
070162150170002,Thornton Fractnl So High School,Lansing,Cook,HIGH SCHOOL,457.1,428.4,885.5,55%
070162170160001,Argo Community High School,Summit,Cook,HIGH SCHOOL,452.9,442.7,895.5999999999999,55%
070162180160001,DD Eisenhower High Sch (Campus),Blue Island,Cook,HIGH SCHOOL,426.0,415.7,841.7,52%
070162180160004,H L Richards High Sch(Campus),Oak Lawn,Cook,HIGH SCHOOL,456.8,442.2,899.0,56%
070162180160007,A B Shepard High Sch (Campus),Palos Heights,Cook,HIGH SCHOOL,465.1,454.1,919.2,57%
070162200170001,Reavis High School,Burbank,Cook,HIGH SCHOOL,464.1,445.3,909.4000000000001,56%
070162270170002,Rich Township High School,Olympia Fields,Cook,HIGH SCHOOL,418.7,388.0,806.7,50%
070162280160001,Bremen High School,Midlothian,Cook,HIGH SCHOOL,437.6,424.1,861.7,53%
070162280160002,Tinley Park High School,Tinley Park,Cook,HIGH SCHOOL,472.9,456.2,929.0999999999999,58%
070162280160003,Hillcrest High School,Country Club Hills,Cook,HIGH SCHOOL,408.3,393.2,801.5,50%
070162280160004,Oak Forest High School,Oak Forest,Cook,HIGH SCHOOL,479.6,471.7,951.3,59%
070162290160001,Oak Lawn Comm High School,Oak Lawn,Cook,HIGH SCHOOL,467.8,457.5,925.3,57%
070162300130001,Carl Sandburg High School,Orland Park,Cook,HIGH SCHOOL,525.3,503.5,1028.8,64%
070162300130002,Amos Alonzo Stagg High School,Palos Hills,Cook,HIGH SCHOOL,503.8,494.5,998.3,62%
070162300130003,Victor J Andrew High School,Orland Hills,Cook,HIGH SCHOOL,503.7,486.3,990.0,61%
070162310160001,Evergreen Park High School,Evergreen Park,Cook,HIGH SCHOOL,484.9,458.1,943.0,58%
070162330160001,Homewood-Flossmoor High School,Flossmoor,Cook,HIGH SCHOOL,469.5,448.6,918.1,57%
080083080260001,Eastland Jr/Sr High School,Lanark,Carroll,HIGH SCHOOL,518.6,517.5,1036.1,64%
080083140260001,West Carroll High School,Savanna,Carroll,HIGH SCHOOL,459.7,439.9,899.5999999999999,56%
080083990260002,Chadwick-Milledgeville Jr/Sr High School,Milledgeville,Carroll,HIGH SCHOOL,498.2,475.0,973.2,60%
080431190220003,East Dubuque High School,East Dubuque,Jo Daviess,HIGH SCHOOL,473.1,469.1,942.2,58%
080431200220002,Galena High School,Galena,Jo Daviess,HIGH SCHOOL,524.6,505.8,1030.4,64%
080432050260001,Warren Jr/Sr High School,Warren,Jo Daviess,HIGH SCHOOL,503.7,520.5,1024.2,64%
080432060260003,Stockton Sr High School,Stockton,Jo Daviess,HIGH SCHOOL,498.9,478.9,977.8,61%
080432100260002,River Ridge High School,Hanover,Jo Daviess,HIGH SCHOOL,506.4,507.8,1014.2,63%
080432110260002,Scales Mound High School,Scales Mound,Jo Daviess,HIGH SCHOOL,497.3,510.0,1007.3,62%
080891450220001,Freeport High School,Freeport,Stephenson,HIGH SCHOOL,439.5,410.0,849.5,53%
080892000260001,Pearl City High School,Pearl City,Stephenson,HIGH SCHOOL,510.4,485.2,995.5999999999999,62%
080892010260001,Dakota Jr Sr High School,Dakota,Stephenson,HIGH SCHOOL,501.3,492.1,993.4000000000001,62%
080892020260001,Lena-Winslow High School,Lena,Stephenson,HIGH SCHOOL,500.6,493.6,994.2,62%
080892030260001,Orangeville High School,Orangeville,Stephenson,HIGH SCHOOL,493.7,487.4,981.0999999999999,61%
090100010260001,Fisher Jr/Sr High School,Fisher,Champaign,HIGH SCHOOL,517.6,495.3,1012.9000000000001,63%
090100030260001,Mahomet-Seymour High School,Mahomet,Champaign,HIGH SCHOOL,538.8,558.9,1097.6999999999998,68%
090100040260001,Centennial High School,Champaign,Champaign,HIGH SCHOOL,476.2,469.4,945.5999999999999,59%
090100040260002,Central High School,Champaign,Champaign,HIGH SCHOOL,503.4,497.2,1000.5999999999999,62%
090100070260007,Unity High School,Tolono,Champaign,HIGH SCHOOL,510.2,493.8,1004.0,62%
090100080260001,Heritage High School,Broadlands,Champaign,HIGH SCHOOL,478.1,448.1,926.2,57%
090101160220001,Urbana High School,Urbana,Champaign,HIGH SCHOOL,479.1,443.2,922.3,57%
090101930170001,Rantoul Twp High School,Rantoul,Champaign,HIGH SCHOOL,431.7,408.1,839.8,52%
090103050160001,St Joseph-Ogden High School,Saint Joseph,Champaign,HIGH SCHOOL,527.6,508.9,1036.5,64%
090270050260001,GCMS High School,Gibson City,Ford,HIGH SCHOOL,493.9,477.6,971.5,60%
090270100260001,Paxton-Buckley-Loda High School,Paxton,Ford,HIGH SCHOOL,464.2,456.3,920.5,57%
11012002C260001,Marshall High School,Marshall,Clark,HIGH SCHOOL,483.5,457.3,940.8,58%
11012003C260001,Martinsville Jr-Sr High School,Martinsville,Clark,HIGH SCHOOL,401.1,387.2,788.3,49%
11012004C260001,Casey-Westfield Jr/Sr HS,Casey,Clark,HIGH SCHOOL,492.7,492.7,985.4,61%
110150010260001,Charleston High School,Charleston,Coles,HIGH SCHOOL,456.0,425.4,881.4,55%
110150020260001,Mattoon High School,Mattoon,Coles,HIGH SCHOOL,461.4,431.6,893.0,55%
110150050260002,Oakland High School,Oakland,Coles,HIGH SCHOOL,431.6,427.4,859.0,53%
110180030260001,Neoga Jr/Sr High School,Neoga,Cumberland,HIGH SCHOOL,491.0,473.9,964.9,60%
110180770260001,Cumberland High School,Toledo,Cumberland,HIGH SCHOOL,470.0,459.5,929.5,58%
110213010260001,Tuscola High School,Tuscola,Douglas,HIGH SCHOOL,492.2,451.0,943.2,58%
110213020260001,Villa Grove High School,Villa Grove,Douglas,HIGH SCHOOL,471.6,439.4,911.0,56%
110213050260001,Arthur-Lovington-Atwood-Hammond High School,Arthur,Douglas,HIGH SCHOOL,459.4,441.3,900.7,56%
110213060260001,Arcola High School,Arcola,Douglas,HIGH SCHOOL,457.4,435.7,893.0999999999999,55%
110230010260001,Shiloh High School,Hume,Edgar,HIGH SCHOOL,417.7,402.7,820.4,51%
110230030260001,Kansas High School,Kansas,Edgar,HIGH SCHOOL,446.9,420.0,866.9,54%
110230060260001,Chrisman High School,Chrisman,Edgar,HIGH SCHOOL,442.6,422.2,864.8,54%
110238000800001,Paris Cooperative High School,Paris,Edgar,HIGH SCHOOL,466.9,454.9,921.8,57%
110703000260004,Sullivan High School,Sullivan,Moultrie,HIGH SCHOOL,489.6,460.3,949.9000000000001,59%
110703020260001,Okaw Valley High School,Bethany,Moultrie,HIGH SCHOOL,447.7,418.3,866.0,54%
110870010260002,Windsor Jr & Sr High School,Windsor,Shelby,HIGH SCHOOL,474.3,450.5,924.8,57%
11087003A260001,Cowden-Herrick Jr/Sr High School,Cowden,Shelby,HIGH SCHOOL,424.5,423.6,848.1,53%
110870040260001,Shelbyville High School,Shelbyville,Shelby,HIGH SCHOOL,486.6,476.5,963.1,60%
11087005A260001,Stewardson-Strasburg High School,Strasburg,Shelby,HIGH SCHOOL,503.5,494.2,997.7,62%
110870210260001,Central A & M High School,Moweaqua,Shelby,HIGH SCHOOL,453.4,422.7,876.0999999999999,54%
120130100260002,Clay City High School,Clay City,Clay,HIGH SCHOOL,447.4,422.1,869.5,54%
120130250260001,North Clay Community High School,Louisville,Clay,HIGH SCHOOL,440.0,417.1,857.1,53%
120130350260001,Flora High School,Flora,Clay,HIGH SCHOOL,468.4,428.3,896.7,56%
120170010260001,Hutsonville High School,Hutsonville,Crawford,HIGH SCHOOL,437.4,409.6,847.0,52%
120170020260001,Robinson High School,Robinson,Crawford,HIGH SCHOOL,483.0,444.6,927.6,57%
120170030260001,Palestine High School,Palestine,Crawford,HIGH SCHOOL,451.1,440.7,891.8,55%
120170040260001,Oblong High School,Oblong,Crawford,HIGH SCHOOL,483.3,450.0,933.3,58%
120400010260001,Newton Comm High School,Newton,Jasper,HIGH SCHOOL,453.2,454.4,907.5999999999999,56%
120510100260001,Red Hill Jr/Sr High School,Bridgeport,Lawrence,HIGH SCHOOL,481.8,434.4,916.2,57%
120510200260008,Lawrenceville High School,Lawrenceville,Lawrence,HIGH SCHOOL,476.1,420.8,896.9000000000001,56%
120800010260001,Richland County High School,Olney,Richland,HIGH SCHOOL,479.0,459.4,938.4,58%
130140010260001,Carlyle High School,Carlyle,Clinton,HIGH SCHOOL,466.6,462.7,929.3,58%
130140030260006,Wesclin Sr High School,Trenton,Clinton,HIGH SCHOOL,499.7,496.1,995.8,62%
130140710160001,Central Comm High School,Breese,Clinton,HIGH SCHOOL,497.8,508.4,1006.2,62%
130410010260001,Waltonville High School,Waltonville,Jefferson,HIGH SCHOOL,478.6,454.8,933.4000000000001,58%
130412010170001,Mount Vernon High School,Mount Vernon,Jefferson,HIGH SCHOOL,454.5,424.3,878.8,54%
130412090270001,Woodlawn High School,Woodlawn,Jefferson,HIGH SCHOOL,478.9,427.8,906.7,56%
130413180270001,Webber High School,Bluford,Jefferson,HIGH SCHOOL,462.7,415.0,877.7,54%
130581000260002,Patoka Sr High School,Patoka,Marion,HIGH SCHOOL,454.6,402.9,857.5,53%
130582000170001,Centralia High School,Centralia,Marion,HIGH SCHOOL,457.6,437.4,895.0,55%
130584010260001,South Central High School,Farina,Marion,HIGH SCHOOL,442.0,432.3,874.3,54%
130585010260001,Sandoval Sr High School,Sandoval,Marion,HIGH SCHOOL,414.3,407.0,821.3,51%
130586000160001,Salem Community High School,Salem,Marion,HIGH SCHOOL,487.6,465.4,953.0,59%
130587220260001,Odin Attendance Center 9-12,Odin,Marion,HIGH SCHOOL,418.0,396.7,814.7,50%
130950100260001,Okawville Jr/Sr High School,Okawville,Washington,HIGH SCHOOL,504.7,460.4,965.0999999999999,60%
130950990160001,Nashville Comm High School,Nashville,Washington,HIGH SCHOOL,502.4,475.0,977.4,61%
150162990250001,Amundsen High School,Chicago,Cook,HIGH SCHOOL,497.0,483.9,980.9,61%
150162990250003,Bogan High School,Chicago,Cook,HIGH SCHOOL,401.1,386.9,788.0,49%
150162990250006,Carver Military Academy HS,Chicago,Cook,HIGH SCHOOL,450.9,420.4,871.3,54%
150162990250011,Farragut Career Academy HS,Chicago,Cook,HIGH SCHOOL,404.2,391.8,796.0,49%
150162990250012,Fenger Academy High School,Chicago,Cook,HIGH SCHOOL,392.9,385.6,778.5,48%
150162990250013,Foreman High School,Chicago,Cook,HIGH SCHOOL,386.6,385.7,772.3,48%
150162990250014,Back of The Yards IB HS,Chicago,Cook,HIGH SCHOOL,462.6,469.3,931.9000000000001,58%
150162990250015,Gage Park High School,Chicago,Cook,HIGH SCHOOL,397.4,369.4,766.8,47%
150162990250016,Harlan Community Academy HS,Chicago,Cook,HIGH SCHOOL,375.1,363.1,738.2,46%
150162990250019,Hirsch Metropolitan High School,Chicago,Cook,HIGH SCHOOL,384.5,361.6,746.1,46%
150162990250020,Hubbard High School,Chicago,Cook,HIGH SCHOOL,437.6,413.5,851.1,53%
150162990250021,Hyde Park Academy High School,Chicago,Cook,HIGH SCHOOL,403.3,379.2,782.5,48%
150162990250022,Thomas Kelly College Preparatory,Chicago,Cook,HIGH SCHOOL,425.9,415.1,841.0,52%
150162990250023,Kelvyn Park High School,Chicago,Cook,HIGH SCHOOL,401.7,380.2,781.9,48%
150162990250024,Kennedy High School,Chicago,Cook,HIGH SCHOOL,443.4,429.3,872.7,54%
150162990250025,Kenwood Academy High School,Chicago,Cook,HIGH SCHOOL,498.2,474.6,972.8,60%
150162990250026,Lake View High School,Chicago,Cook,HIGH SCHOOL,439.7,432.0,871.7,54%
150162990250027,Lane Technical High School,Chicago,Cook,HIGH SCHOOL,627.1,626.9,1254.0,78%
150162990250029,Marshall Metropolitan High School,Chicago,Cook,HIGH SCHOOL,375.1,364.1,739.2,46%
150162990250030,Mather High School,Chicago,Cook,HIGH SCHOOL,446.4,440.1,886.5,55%
150162990250031,Morgan Park High School,Chicago,Cook,HIGH SCHOOL,414.9,393.3,808.2,50%
150162990250034,Phillips Academy High School,Chicago,Cook,HIGH SCHOOL,380.9,372.7,753.5999999999999,47%
150162990250035,Roosevelt High School,Chicago,Cook,HIGH SCHOOL,410.3,396.0,806.3,50%
150162990250036,Schurz High School,Chicago,Cook,HIGH SCHOOL,421.3,401.2,822.5,51%
150162990250037,Senn High School,Chicago,Cook,HIGH SCHOOL,467.2,445.2,912.4,57%
150162990250039,King College Prep High School,Chicago,Cook,HIGH SCHOOL,481.6,460.6,942.2,58%
150162990250041,Steinmetz College Prep HS,Chicago,Cook,HIGH SCHOOL,405.5,395.1,800.6,50%
150162990250042,Sullivan High School,Chicago,Cook,HIGH SCHOOL,417.5,410.2,827.7,51%
150162990250043,Taft High School,Chicago,Cook,HIGH SCHOOL,480.6,461.7,942.3,58%
150162990250044,Tilden Career Communty Academy HS,Chicago,Cook,HIGH SCHOOL,409.8,392.1,801.9000000000001,50%
150162990250046,Von Steuben Metro Science HS,Chicago,Cook,HIGH SCHOOL,513.9,503.2,1017.0999999999999,63%
150162990250047,Lincoln Park High School,Chicago,Cook,HIGH SCHOOL,537.7,534.2,1071.9,66%
150162990250048,Washington G High School,Chicago,Cook,HIGH SCHOOL,436.3,414.3,850.6,53%
150162990250049,Wells Community Academy HS,Chicago,Cook,HIGH SCHOOL,378.6,373.8,752.4000000000001,47%
150162990250052,Crane Medical Prep HS,Chicago,Cook,HIGH SCHOOL,428.8,399.5,828.3,51%
150162990250053,Disney II Magnet HS,Chicago,Cook,HIGH SCHOOL,495.0,446.3,941.3,58%
150162990250526,Chicago Vocational Career Acad HS,Chicago,Cook,HIGH SCHOOL,394.8,374.3,769.1,48%
150162990250531,Dunbar Vocational Career Acad HS,Chicago,Cook,HIGH SCHOOL,380.3,369.3,749.6,46%
150162990250533,Jones College Prep High School,Chicago,Cook,HIGH SCHOOL,636.3,635.9,1272.1999999999998,79%
150162990250534,Prosser Career Academy HS,Chicago,Cook,HIGH SCHOOL,457.5,432.5,890.0,55%
150162990250536,Richards Career Academy HS,Chicago,Cook,HIGH SCHOOL,362.2,359.1,721.3,45%
150162990250537,Simeon Career Academy High School,Chicago,Cook,HIGH SCHOOL,411.2,389.8,801.0,50%
150162990250543,Corliss High School,Chicago,Cook,HIGH SCHOOL,392.1,374.5,766.6,47%
150162990250545,Clemente Community Academy HS,Chicago,Cook,HIGH SCHOOL,390.8,376.8,767.6,47%
150162990250616,Manley Career Academy High School,Chicago,Cook,HIGH SCHOOL,376.7,364.4,741.0999999999999,46%
150162990250617,Curie Metropolitan High School,Chicago,Cook,HIGH SCHOOL,441.8,431.2,873.0,54%
150162990250763,Julian High School,Chicago,Cook,HIGH SCHOOL,385.4,368.7,754.0999999999999,47%
150162990250764,Young Magnet High School,Chicago,Cook,HIGH SCHOOL,638.8,650.8,1289.6,80%
150162990250767,Juarez Community Academy HS,Chicago,Cook,HIGH SCHOOL,433.7,404.5,838.2,52%
150162990250772,Chicago HS for Agricult Sciences,Chicago,Cook,HIGH SCHOOL,492.6,453.4,946.0,59%
150162990250779,Hancock College Preparatory HS,Chicago,Cook,HIGH SCHOOL,542.1,536.5,1078.6,67%
150162990250788,Brooks College Prep Academy HS,Chicago,Cook,HIGH SCHOOL,559.3,546.8,1106.1,69%
150162990250794,Northside College Preparatory Hs,Chicago,Cook,HIGH SCHOOL,652.5,649.9,1302.4,81%
150162990250795,Chicago Military Academy HS,Chicago,Cook,HIGH SCHOOL,446.5,409.8,856.3,53%
150162990250796,Payton College Preparatory HS,Chicago,Cook,HIGH SCHOOL,665.3,667.2,1332.5,83%
150162990250803,Phoenix Military Academy HS,Chicago,Cook,HIGH SCHOOL,458.1,447.6,905.7,56%
150162990250818,Spry Community Links High School,Chicago,Cook,HIGH SCHOOL,409.2,400.0,809.2,50%
150162990250820,Chicago Academy High School,Chicago,Cook,HIGH SCHOOL,449.4,433.2,882.5999999999999,55%
150162990250824,Bowen High School,Chicago,Cook,HIGH SCHOOL,384.6,370.6,755.2,47%
150162990250825,North-Grand High School,Chicago,Cook,HIGH SCHOOL,416.6,406.7,823.3,51%
150162990250826,Raby High School,Chicago,Cook,HIGH SCHOOL,376.3,385.3,761.6,47%
150162990250827,Clark Acad Prep Magnet High Schl,Chicago,Cook,HIGH SCHOOL,404.2,374.6,778.8,48%
150162990250828,Rickover Naval Academy High Schl,Chicago,Cook,HIGH SCHOOL,465.5,441.2,906.7,56%
150162990250829,Uplift Community High School,Chicago,Cook,HIGH SCHOOL,366.9,370.0,736.9,46%
150162990250830,World Language High School,Chicago,Cook,HIGH SCHOOL,453.8,407.6,861.4000000000001,53%
150162990250832,Devry Advantage Academy High Schl,Chicago,Cook,HIGH SCHOOL,503.0,495.7,998.7,62%
150162990250833,Lindblom Math & Science Acad HS,Chicago,Cook,HIGH SCHOOL,531.9,509.6,1041.5,65%
150162990250835,School of Social Justice HS,Chicago,Cook,HIGH SCHOOL,405.5,392.7,798.2,49%
150162990250836,Multicultural Arts High School,Chicago,Cook,HIGH SCHOOL,424.3,395.9,820.2,51%
150162990250837,Infinity Math  Science & Tech HS,Chicago,Cook,HIGH SCHOOL,456.3,451.2,907.5,56%
150162990250841,Collins Academy High School,Chicago,Cook,HIGH SCHOOL,388.8,379.8,768.6,48%
150162990250844,Austin College and Career Academy High School,Chicago,Cook,HIGH SCHOOL,378.2,372.5,750.7,46%
150162990250847,Orr Academy High School,Chicago,Cook,HIGH SCHOOL,403.7,373.0,776.7,48%
150162990250848,Air Force Acad High School,Chicago,Cook,HIGH SCHOOL,443.6,408.2,851.8,53%
150162990250849,Alcott College Prep,Chicago,Cook,HIGH SCHOOL,438.7,426.0,864.7,54%
150162990250850,Chicago Technology Academy HS,Chicago,Cook,HIGH SCHOOL,398.2,374.3,772.5,48%
150162990250851,Chicago HS for the Arts,Chicago,Cook,HIGH SCHOOL,500.6,446.6,947.2,59%
150162990250855,Ogden Int High School,Chicago,Cook,HIGH SCHOOL,482.9,463.9,946.8,59%
150162990250856,Williams Medical Prep High Sch,Chicago,Cook,HIGH SCHOOL,437.6,414.7,852.3,53%
150162990250857,Westinghouse High School,Chicago,Cook,HIGH SCHOOL,507.4,494.6,1002.0,62%
150162990250859,Solorio Academy High School,Chicago,Cook,HIGH SCHOOL,448.5,449.7,898.2,56%
150162990250860,South Shore Intl Col Prep HS,Chicago,Cook,HIGH SCHOOL,461.8,438.5,900.3,56%
150162990250861,Goode STEM Academy HS,Chicago,Cook,HIGH SCHOOL,405.2,393.4,798.5999999999999,49%
150162990250862,Chicago Excel Academy HS,Chicago,Cook,HIGH SCHOOL,399.0,380.0,779.0,48%
150162990250863,Walter Henri Dyett High School for the Arts,Chicago,Cook,HIGH SCHOOL,414.5,393.4,807.9,50%
150162990250867,Englewood STEM High School,Chicago,Cook,HIGH SCHOOL,395.6,373.5,769.1,48%
15016905025001C,Intrinsic 2 Charter High School,Chicago,Cook,HIGH SCHOOL,449.7,424.7,874.4,54%
15016906025001C,Urban Prep Charter Acad for Young Men - Downtown Campus,Chicago,Cook,HIGH SCHOOL,347.0,354.0,701.0,43%
160194240260001,Genoa-Kingston High School,Genoa,Dekalb,HIGH SCHOOL,488.1,463.1,951.2,59%
160194250260001,Indian Creek High School,Shabbona,Dekalb,HIGH SCHOOL,480.3,456.0,936.3,58%
160194260260003,Hiawatha Jr/Sr High School,Kirkland,Dekalb,HIGH SCHOOL,457.8,447.2,905.0,56%
160194270260001,Sycamore High School,Sycamore,Dekalb,HIGH SCHOOL,509.5,486.2,995.7,62%
160194280260011,DeKalb High School,Dekalb,Dekalb,HIGH SCHOOL,452.3,422.5,874.8,54%
160194290260003,Hinckley-Big Rock High School,Hinckley,Dekalb,HIGH SCHOOL,494.4,482.7,977.0999999999999,61%
160194300260001,Sandwich Community High School,Sandwich,Dekalb,HIGH SCHOOL,476.3,444.9,921.2,57%
160194320260003,Somonauk High School,Somonauk,Dekalb,HIGH SCHOOL,488.4,461.0,949.4,59%
170200150260001,Clinton High School,Clinton,Dewitt,HIGH SCHOOL,456.0,419.3,875.3,54%
170200180260001,Blue Ridge High School,Farmer City,Dewitt,HIGH SCHOOL,475.0,442.5,917.5,57%
170530050260001,Woodland High School,Streator,Livingston,HIGH SCHOOL,470.9,473.1,944.0,59%
17053006J260001,Tri-Point High School,Cullom,Livingston,HIGH SCHOOL,505.0,484.7,989.7,61%
170530080260001,Prairie Central High School,Fairbury,Livingston,HIGH SCHOOL,474.4,456.1,930.5,58%
170530740270001,Flanagan-Cornell High School,Flanagan,Livingston,HIGH SCHOOL,428.2,410.0,838.2,52%
170530900170001,Pontiac High School,Pontiac,Livingston,HIGH SCHOOL,462.1,451.8,913.9000000000001,57%
170532300170001,Dwight High School,Dwight,Livingston,HIGH SCHOOL,453.8,446.9,900.7,56%
170540210260001,Hartsburg-Emden Jr-Sr High School,Hartsburg,Logan,HIGH SCHOOL,530.0,524.2,1054.2,65%
170540230260001,Mount Pulaski High School,Mount Pulaski,Logan,HIGH SCHOOL,494.4,458.7,953.0999999999999,59%
170544040160001,Lincoln Comm High School,Lincoln,Logan,HIGH SCHOOL,492.6,459.3,951.9000000000001,59%
170640020260003,LeRoy High School,Le Roy,McLean,HIGH SCHOOL,477.5,469.1,946.6,59%
170640030260002,Tri-Valley High School,Downs,McLean,HIGH SCHOOL,536.3,540.5,1076.8,67%
170640040260001,Heyworth Jr-Sr High School,Heyworth,McLean,HIGH SCHOOL,489.4,472.2,961.5999999999999,60%
170640050260001,Normal Community High School,Normal,McLean,HIGH SCHOOL,515.9,502.0,1017.9,63%
170640050260002,Normal Community West High School,Normal,McLean,HIGH SCHOOL,493.3,469.3,962.6,60%
170640070260002,Lexington High School,Lexington,McLean,HIGH SCHOOL,509.0,494.8,1003.8,62%
170640160260009,Olympia High School,Stanford,McLean,HIGH SCHOOL,482.7,459.8,942.5,58%
170640190260001,Ridgeview High School,Colfax,McLean,HIGH SCHOOL,440.8,439.7,880.5,55%
170640870250001,Bloomington High School,Bloomington,McLean,HIGH SCHOOL,465.6,433.8,899.4000000000001,56%
190220860170001,Hinsdale Central High School,Hinsdale,Dupage,HIGH SCHOOL,602.3,609.0,1211.3,75%
190220860170002,Hinsdale South High School,Darien,Dupage,HIGH SCHOOL,532.7,523.5,1056.2,66%
190220870170001,Glenbard East High School,Lombard,Dupage,HIGH SCHOOL,490.6,472.5,963.1,60%
190220870170002,Glenbard North High School,Carol Stream,Dupage,HIGH SCHOOL,489.2,485.1,974.3,60%
190220870170003,Glenbard West High School,Glen Ellyn,Dupage,HIGH SCHOOL,537.7,534.7,1072.4,67%
190220870170004,Glenbard South High School,Glen Ellyn,Dupage,HIGH SCHOOL,534.0,530.9,1064.9,66%
190220880160001,Addison Trail High School,Addison,Dupage,HIGH SCHOOL,459.4,447.9,907.3,56%
190220880160002,Willowbrook High School,Villa Park,Dupage,HIGH SCHOOL,487.4,477.7,965.0999999999999,60%
190220940160001,West Chicago Community High School,West Chicago,Dupage,HIGH SCHOOL,465.2,461.0,926.2,57%
190220990160001,Comm H S Dist 99 - North H S,Downers Grove,Dupage,HIGH SCHOOL,539.8,544.6,1084.4,67%
190220990160002,Comm H S Dist 99 - South High Sch,Downers Grove,Dupage,HIGH SCHOOL,514.2,523.1,1037.3000000000002,64%
190221000160001,Fenton High School,Bensenville,Dupage,HIGH SCHOOL,459.6,452.9,912.5,57%
190221080160001,Lake Park High School,Roselle,Dupage,HIGH SCHOOL,514.8,510.3,1025.1,64%
190222000260020,Wheaton Warrenville South H S,Wheaton,Dupage,HIGH SCHOOL,526.1,515.8,1041.9,65%
190222000260021,Wheaton North High School,Wheaton,Dupage,HIGH SCHOOL,536.4,529.5,1065.9,66%
190222010260001,Westmont High School,Westmont,Dupage,HIGH SCHOOL,544.4,538.4,1082.8,67%
190222020260001,Lisle High School,Lisle,Dupage,HIGH SCHOOL,539.9,545.8,1085.6999999999998,67%
190222030260001,Naperville Central High School,Naperville,Dupage,HIGH SCHOOL,568.2,567.2,1135.4,70%
190222030260013,Naperville North High School,Naperville,Dupage,HIGH SCHOOL,561.8,554.4,1116.1999999999998,69%
190222040260001,Waubonsie Valley High School,Aurora,Dupage,HIGH SCHOOL,544.2,542.9,1087.1,67%
190222040260002,Neuqua Valley High School,Naperville,Dupage,HIGH SCHOOL,580.0,588.8,1168.8,73%
190222040260005,Metea Valley High School,Aurora,Dupage,HIGH SCHOOL,537.6,539.6,1077.2,67%
190222050260003,York Comm High School,Elmhurst,Dupage,HIGH SCHOOL,544.8,548.7,1093.5,68%
200240010260005,Edwards County High School,Albion,Edwards,HIGH SCHOOL,437.6,437.8,875.4000000000001,54%
200300070260001,Gallatin High School,Junction,Gallatin,HIGH SCHOOL,447.2,424.2,871.4,54%
200330100260002,Hamilton County Jr/Sr High School,Mc Leansboro,Hamilton,HIGH SCHOOL,469.6,439.2,908.8,56%
200350010260003,Hardin County High School,Elizabethtown,Hardin,HIGH SCHOOL,462.1,414.4,876.5,54%
200760010260001,Pope Co High School,Golconda,Pope,HIGH SCHOOL,455.5,424.0,879.5,54%
200830010260001,Galatia High School,Galatia,Saline,HIGH SCHOOL,447.3,425.5,872.8,54%
200830020260001,Carrier Mills-Stonefort H S,Carrier Mills,Saline,HIGH SCHOOL,439.6,424.4,864.0,54%
200830030260001,Harrisburg High School,Harrisburg,Saline,HIGH SCHOOL,446.9,418.0,864.9,54%
200830040260001,Eldorado High School,Eldorado,Saline,HIGH SCHOOL,453.3,403.8,857.1,53%
200933480260001,Mount Carmel High School,Mount Carmel,Wabash,HIGH SCHOOL,454.2,440.1,894.3,55%
200961000260001,Wayne City High School,Wayne City,Wayne,HIGH SCHOOL,456.4,448.3,904.7,56%
200962000260001,Cisne High School,Cisne,Wayne,HIGH SCHOOL,465.3,432.6,897.9000000000001,56%
200962250160001,Fairfield Comm High School,Fairfield,Wayne,HIGH SCHOOL,485.4,461.3,946.7,59%
200970010260003,Grayville Jr Sr High School,Grayville,White,HIGH SCHOOL,491.8,475.9,967.7,60%
200970030260001,Norris City-Omaha-Enfield H S,Norris City,White,HIGH SCHOOL,468.1,429.4,897.5,56%
200970050260001,Carmi-White County High School,Carmi,White,HIGH SCHOOL,472.2,450.0,922.2,57%
210280990260001,Christopher High,Christopher,Franklin,HIGH SCHOOL,454.6,411.5,866.1,54%
210281030130001,Benton Cons High School,Benton,Franklin,HIGH SCHOOL,467.1,455.0,922.1,57%
210281680260001,Frankfort Community High School,West Frankfort,Franklin,HIGH SCHOOL,458.7,429.7,888.4,55%
210281740260001,Thompsonville High School,Thompsonville,Franklin,HIGH SCHOOL,428.0,390.0,818.0,51%
210281880260001,Zeigler-Royalton High School,Zeigler,Franklin,HIGH SCHOOL,436.8,436.4,873.2,54%
210281960260001,Sesser-Valier High School,Sesser,Franklin,HIGH SCHOOL,466.9,456.7,923.5999999999999,57%
210440010260001,Goreville High School,Goreville,Johnson,HIGH SCHOOL,472.4,448.7,921.0999999999999,57%
210441330170001,Vienna High School,Vienna,Johnson,HIGH SCHOOL,451.1,436.4,887.5,55%
210610010260001,Massac County High School,Metropolis,Massac,HIGH SCHOOL,493.6,480.7,974.3,60%
210610380260001,Joppa Jr & Sr High School,Joppa,Massac,HIGH SCHOOL,465.7,465.7,931.4,58%
211000010260001,Johnston City High School,Johnston City,Williamson,HIGH SCHOOL,452.1,456.6,908.7,56%
211000020260001,Marion High School,Marion,Williamson,HIGH SCHOOL,474.0,433.5,907.5,56%
211000030260001,Crab Orchard High School,Marion,Williamson,HIGH SCHOOL,430.3,409.3,839.6,52%
211000040260001,Herrin High School,Herrin,Williamson,HIGH SCHOOL,472.3,454.8,927.1,57%
211000050260001,Carterville High School,Carterville,Williamson,HIGH SCHOOL,528.1,500.7,1028.8,64%
240320010260001,Coal City High School,Coal City,Grundy,HIGH SCHOOL,468.5,468.7,937.2,58%
240320730170001,Gardner-South Wilmington Twp H S,Gardner,Grundy,HIGH SCHOOL,490.3,457.2,947.5,59%
240321010160001,Morris Community High School,Morris,Grundy,HIGH SCHOOL,496.0,474.7,970.7,60%
240321110160001,Minooka Community High School,Minooka,Grundy,HIGH SCHOOL,498.2,484.1,982.3,61%
240470180160001,Newark Comm High School,Newark,Kendall,HIGH SCHOOL,509.8,478.4,988.2,61%
240470880260001,Plano High School,Plano,Kendall,HIGH SCHOOL,456.4,432.3,888.7,55%
240471150260001,Yorkville High School,Yorkville,Kendall,HIGH SCHOOL,510.1,474.8,984.9000000000001,61%
240473080260001,Oswego High School,Oswego,Kendall,HIGH SCHOOL,488.8,468.1,956.9000000000001,59%
240473080260002,Oswego East High School,Oswego,Kendall,HIGH SCHOOL,517.5,507.0,1024.5,64%
260290010260001,Astoria High School,Astoria,Fulton,HIGH SCHOOL,435.2,387.6,822.8,51%
260290020260001,V I T Sr High School,Table Grove,Fulton,HIGH SCHOOL,467.0,441.5,908.5,56%
260290030260001,Cuba Sr High School,Cuba,Fulton,HIGH SCHOOL,481.9,472.6,954.5,59%
260290040260001,Spoon River Valley Sr High Sch,London Mills,Fulton,HIGH SCHOOL,465.0,420.6,885.6,55%
260290660250001,Canton High School,Canton,Fulton,HIGH SCHOOL,470.9,457.8,928.7,58%
260290970260001,Lewistown Jr/Sr High School,Lewistown,Fulton,HIGH SCHOOL,458.5,404.3,862.8,53%
260343070160001,Illini West High School,Carthage,Hancock,HIGH SCHOOL,475.9,448.8,924.7,57%
260343160260001,Warsaw Sr High School,Warsaw,Hancock,HIGH SCHOOL,468.3,473.8,942.1,58%
260343280240001,Hamilton High School,Hamilton,Hancock,HIGH SCHOOL,460.0,447.7,907.7,56%
260343370260001,Southeastern Jr/Sr High School,Augusta,Hancock,HIGH SCHOOL,443.4,427.9,871.3,54%
260621030260001,West Prairie Senior High School,Colchester,McDonough,HIGH SCHOOL,475.8,431.8,907.6,56%
260621700260001,Bushnell-Prairie City High Sch,Bushnell,McDonough,HIGH SCHOOL,431.8,399.7,831.5,51%
260621850260001,Macomb Senior High School,Macomb,McDonough,HIGH SCHOOL,503.8,461.6,965.4000000000001,60%
260850050260001,Rushville-Industry High School,Rushville,Schuyler,HIGH SCHOOL,474.4,452.8,927.2,57%
280061030220001,DePue High School,DePue,Bureau,HIGH SCHOOL,427.8,413.9,841.7,52%
280063400260001,Bureau Valley High School,Manlius,Bureau,HIGH SCHOOL,517.7,496.5,1014.2,63%
280065000150001,Princeton High School,Princeton,Bureau,HIGH SCHOOL,485.5,464.7,950.2,59%
280065020170001,Hall High School,Spring Valley,Bureau,HIGH SCHOOL,456.1,448.2,904.3,56%
280372230260001,Orion High School,Orion,Henry,HIGH SCHOOL,499.3,502.8,1002.1,62%
280372240260001,Galva Jr-Sr High School,Galva,Henry,HIGH SCHOOL,471.7,454.5,926.2,57%
280372250260001,AlWood  Middle/High School,Woodhull,Henry,HIGH SCHOOL,456.5,431.6,888.1,55%
280372260260001,Annawan High School,Annawan,Henry,HIGH SCHOOL,471.3,438.1,909.4000000000001,56%
280372270260002,Cambridge Jr/Sr High School,Cambridge,Henry,HIGH SCHOOL,472.5,452.1,924.6,57%
280372280260001,Geneseo High School,Geneseo,Henry,HIGH SCHOOL,509.5,501.3,1010.8,63%
280372290260001,Kewanee High School,Kewanee,Henry,HIGH SCHOOL,447.5,422.7,870.2,54%
280372300260002,Wethersfield Jr/Sr High School,Kewanee,Henry,HIGH SCHOOL,513.4,479.2,992.5999999999999,62%
280881000260001,Stark County High School,Toulon,Stark,HIGH SCHOOL,474.2,456.8,931.0,58%
300020010220001,Cairo Jr/Sr High School,Cairo,Alexander,HIGH SCHOOL,374.4,377.2,751.5999999999999,46%
300020050260001,Egyptian Sr High School,Tamms,Alexander,HIGH SCHOOL,454.4,429.2,883.5999999999999,55%
300391650160001,Carbondale Comm H S,Carbondale,Jackson,HIGH SCHOOL,488.2,477.4,965.5999999999999,60%
300391760260001,Trico Senior High School,Campbell Hill,Jackson,HIGH SCHOOL,469.6,439.6,909.2,56%
300391860260001,Murphysboro High School,Murphysboro,Jackson,HIGH SCHOOL,457.7,428.1,885.8,55%
300391960260001,Elverado High School,Elkville,Jackson,HIGH SCHOOL,465.6,454.1,919.7,57%
300731010160001,Pinckneyville Comm High School,Pinckneyville,Perry,HIGH SCHOOL,465.6,477.8,943.4000000000001,58%
300733000260001,Du Quoin High School,Du Quoin,Perry,HIGH SCHOOL,466.2,446.8,913.0,57%
300771000260001,Century Jr/Sr High School,Ullin,Pulaski,HIGH SCHOOL,457.5,416.8,874.3,54%
300771010260001,Meridian High School,Mounds,Pulaski,HIGH SCHOOL,434.8,394.5,829.3,51%
300910170220001,Cobden High School,Cobden,Union,HIGH SCHOOL,477.3,450.3,927.6,57%
300910660220001,Dongola High School,Dongola,Union,HIGH SCHOOL,440.0,414.5,854.5,53%
300910810160001,Anna-Jonesboro High School,Anna,Union,HIGH SCHOOL,467.4,448.8,916.2,57%
300910840260001,Shawnee High School,Wolf Lake,Union,HIGH SCHOOL,461.9,413.1,875.0,54%
310450460220001,Elgin High School,Elgin,Kane,HIGH SCHOOL,445.2,429.4,874.5999999999999,54%
310450460220002,Larkin High School,Elgin,Kane,HIGH SCHOOL,434.6,410.1,844.7,52%
310450460220003,Streamwood High School,Streamwood,Kane,HIGH SCHOOL,457.5,436.9,894.4,55%
310450460220004,Bartlett High School,Bartlett,Kane,HIGH SCHOOL,500.7,475.2,975.9,60%
310450460220005,South Elgin High School,South Elgin,Kane,HIGH SCHOOL,483.7,467.5,951.2,59%
310451010220001,Batavia Sr High School,Batavia,Kane,HIGH SCHOOL,524.3,518.4,1042.6999999999998,65%
310451290220001,West Aurora High School,Aurora,Kane,HIGH SCHOOL,459.5,436.7,896.2,56%
310451310220001,East High School,Aurora,Kane,HIGH SCHOOL,422.7,410.1,832.8,52%
310453000260002,Dundee-Crown High School,Carpentersville,Kane,HIGH SCHOOL,451.2,433.6,884.8,55%
310453000260003,Hampshire High School,Hampshire,Kane,HIGH SCHOOL,508.4,492.7,1001.0999999999999,62%
310453000260004,Harry D Jacobs High School,Algonquin,Kane,HIGH SCHOOL,520.3,495.7,1016.0,63%
310453010260001,Central High School,Burlington,Kane,HIGH SCHOOL,525.1,506.2,1031.3,64%
310453020260001,Kaneland Senior High School,Maple Park,Kane,HIGH SCHOOL,511.1,497.6,1008.7,63%
310453030260011,St Charles East High School,Saint Charles,Kane,HIGH SCHOOL,528.8,530.1,1058.9,66%
310453030260012,St Charles North High School,Saint Charles,Kane,HIGH SCHOOL,534.4,544.3,1078.6999999999998,67%
310453040260001,Geneva Community High School,Geneva,Kane,HIGH SCHOOL,553.1,539.8,1092.9,68%
320380030260001,Donovan Sr High School,Donovan,Iroquois,HIGH SCHOOL,454.3,448.7,903.0,56%
320380040260001,Central High School,Clifton,Iroquois,HIGH SCHOOL,502.4,473.8,976.2,61%
320380060260001,Cissna Park Sr High School,Cissna Park,Iroquois,HIGH SCHOOL,478.4,448.8,927.2,57%
320380090260001,Watseka Comm High School,Watseka,Iroquois,HIGH SCHOOL,480.5,455.8,936.3,58%
320380100260001,Iroquois West High School,Gilman,Iroquois,HIGH SCHOOL,447.3,438.0,885.3,55%
320381240260001,Milford High School Campus,Milford,Iroquois,HIGH SCHOOL,483.5,486.8,970.3,60%
320460010260003,Momence High School,Momence,Kankakee,HIGH SCHOOL,449.1,425.1,874.2,54%
320460020260001,Herscher High School,Herscher,Kankakee,HIGH SCHOOL,479.2,484.5,963.7,60%
320460050260005,Manteno High School,Manteno,Kankakee,HIGH SCHOOL,479.4,458.3,937.7,58%
320460060260001,Grant Park High School,Grant Park,Kankakee,HIGH SCHOOL,490.7,446.7,937.4,58%
320461110250014,Kankakee High School,Kankakee,Kankakee,HIGH SCHOOL,420.7,389.7,810.4,50%
320463020160001,St Anne Comm High School,Saint Anne,Kankakee,HIGH SCHOOL,449.3,426.5,875.8,54%
320463070160001,Bradley-Bourbonnais C High School,Bradley,Kankakee,HIGH SCHOOL,472.8,450.0,922.8,57%
330362350260001,West Central High School,Biggsville,Henderson,HIGH SCHOOL,433.6,405.7,839.3,52%
330482020260001,Knoxville Sr High School,Knoxville,Knox,HIGH SCHOOL,468.4,454.2,922.5999999999999,57%
330482050260023,Galesburg Senior High School,Galesburg,Knox,HIGH SCHOOL,452.9,440.4,893.3,55%
330482080260001,R O W V A Jr and  Sr High School,Oneida,Knox,HIGH SCHOOL,469.7,456.3,926.0,57%
330482100260001,Williamsfield High School,Williamsfield,Knox,HIGH SCHOOL,524.3,473.8,998.0999999999999,62%
330482760260001,Abingdon-Avon High Sch,Abingdon,Knox,HIGH SCHOOL,448.1,416.8,864.9000000000001,54%
330664040260001,Mercer County High School,Aledo,Mercer,HIGH SCHOOL,480.0,461.5,941.5,58%
330942380260001,Monmouth-Roseville High Sch,Monmouth,Warren,HIGH SCHOOL,437.4,439.0,876.4,54%
330943040260001,United High School,Monmouth,Warren,HIGH SCHOOL,484.8,475.9,960.7,60%
340490600260022,Waukegan High School,Waukegan,Lake,HIGH SCHOOL,417.0,396.5,813.5,50%
340490950260001,Lake Zurich High School,Lake Zurich,Lake,HIGH SCHOOL,559.0,558.6,1117.6,69%
340491130170001,Deerfield High School,Deerfield,Lake,HIGH SCHOOL,593.5,587.8,1181.3,73%
340491130170002,Highland Park High School,Highland Park,Lake,HIGH SCHOOL,549.2,534.4,1083.6,67%
340491150160001,Lake Forest High School,Lake Forest,Lake,HIGH SCHOOL,572.5,574.3,1146.8,71%
340491160260006,Round Lake Senior High School,Round Lake,Lake,HIGH SCHOOL,435.8,421.6,857.4000000000001,53%
340491170160001,Antioch Comm High School,Antioch,Lake,HIGH SCHOOL,505.3,487.1,992.4000000000001,62%
340491170160002,Lakes Community High School,Lake Villa,Lake,HIGH SCHOOL,512.7,502.4,1015.1,63%
340491180260005,Wauconda High School,Wauconda,Lake,HIGH SCHOOL,506.9,479.9,986.8,61%
340491200130001,Mundelein Cons High School,Mundelein,Lake,HIGH SCHOOL,504.4,482.0,986.4,61%
340491210170001,Warren Township High School,Gurnee,Lake,HIGH SCHOOL,497.1,483.5,980.6,61%
340491240160001,Grant Community High School,Fox Lake,Lake,HIGH SCHOOL,488.7,473.3,962.0,60%
340491250130001,Adlai E Stevenson High School,Lincolnshire,Lake,HIGH SCHOOL,597.9,613.8,1211.6999999999998,75%
340491260170001,Zion-Benton Twnshp Hi Sch,Zion,Lake,HIGH SCHOOL,434.2,402.0,836.2,52%
340491260170002,New Tech High - Zion-Benton East,Zion,Lake,HIGH SCHOOL,453.2,404.7,857.9,53%
340491270160001,Grayslake Central High School,Grayslake,Lake,HIGH SCHOOL,528.1,494.8,1022.9000000000001,63%
340491270160002,Grayslake North High School,Grayslake,Lake,HIGH SCHOOL,510.3,488.6,998.9000000000001,62%
340491280160002,Libertyville High School,Libertyville,Lake,HIGH SCHOOL,577.2,562.6,1139.8000000000002,71%
340491280160004,Vernon Hills High School,Vernon Hills,Lake,HIGH SCHOOL,564.2,581.1,1145.3000000000002,71%
340491870260001,North Chicago Community High Sch,North Chicago,Lake,HIGH SCHOOL,404.1,379.1,783.2,48%
340492200260004,Barrington High School,Barrington,Lake,HIGH SCHOOL,553.0,554.2,1107.2,69%
350500010260001,Leland High School,Leland,La Salle,HIGH SCHOOL,484.7,437.1,921.8,57%
350500020260001,Serena High School,Serena,La Salle,HIGH SCHOOL,462.9,445.2,908.0999999999999,56%
350500090260001,Earlville Jr/Sr High School,Earlville,La Salle,HIGH SCHOOL,480.4,453.0,933.4,58%
350500400170001,Streator Twp High School,Streator,La Salle,HIGH SCHOOL,448.4,416.8,865.2,54%
350501200170001,La Salle-Peru Twp High School,La Salle,La Salle,HIGH SCHOOL,489.2,452.0,941.2,58%
350501400170001,Ottawa Township High School,Ottawa,La Salle,HIGH SCHOOL,465.5,444.6,910.1,56%
350501600170001,Seneca High School,Seneca,La Salle,HIGH SCHOOL,490.6,464.8,955.4000000000001,59%
350502800170001,Mendota Twp High School,Mendota,La Salle,HIGH SCHOOL,467.0,458.1,925.1,57%
350590050260001,Henry-Senachwine High School,Henry,Marshall,HIGH SCHOOL,454.5,448.4,902.9,56%
350590070260001,Midland High School,Varna,Marshall,HIGH SCHOOL,466.5,447.7,914.2,57%
350785350260002,Putnam County High School,Granville,Putnam,HIGH SCHOOL,486.7,452.6,939.3,58%
390550010260001,Argenta-Oreana High School,Argenta,Macon,HIGH SCHOOL,450.3,426.3,876.6,54%
390550020260001,Maroa-Forsyth Senior High Sch,Maroa,Macon,HIGH SCHOOL,524.6,486.5,1011.1,63%
390550030260001,Mt Zion High School,Mount Zion,Macon,HIGH SCHOOL,535.8,515.3,1051.1,65%
390550090260001,Sangamon Valley High School,Niantic,Macon,HIGH SCHOOL,451.9,429.1,881.0,55%
390550110260001,Warrensburg-Latham High School,Warrensburg,Macon,HIGH SCHOOL,468.0,421.6,889.6,55%
390550150260001,Meridian High School,Macon,Macon,HIGH SCHOOL,468.0,435.9,903.9,56%
390550610250036,Eisenhower High School,Decatur,Macon,HIGH SCHOOL,417.4,389.9,807.3,50%
390550610250038,MacArthur High School,Decatur,Macon,HIGH SCHOOL,427.7,391.1,818.8,51%
390740050260001,Bement High School,Bement,Piatt,HIGH SCHOOL,497.8,454.4,952.2,59%
390740250260001,Monticello High School,Monticello,Piatt,HIGH SCHOOL,523.6,499.5,1023.1,63%
390740570260001,Deland-Weldon High School,De Land,Piatt,HIGH SCHOOL,444.5,391.8,836.3,52%
390741000260001,Cerro Gordo Jr and Sr High School,Cerro Gordo,Piatt,HIGH SCHOOL,494.4,453.2,947.5999999999999,59%
400070400260001,Calhoun High School,Hardin,Calhoun,HIGH SCHOOL,441.7,433.0,874.7,54%
400070420260001,Brussels High School,Brussels,Calhoun,HIGH SCHOOL,506.0,490.0,996.0,62%
400310010260003,Carrollton High School,Carrollton,Greene,HIGH SCHOOL,437.0,453.6,890.6,55%
400310030260001,North Greene Jr/Sr High Sch,White Hall,Greene,HIGH SCHOOL,449.6,436.6,886.2,55%
400310100260001,Greenfield High School,Greenfield,Greene,HIGH SCHOOL,451.8,444.2,896.0,56%
400421000260001,Jersey Comm High School,Jerseyville,Jersey,HIGH SCHOOL,486.0,470.3,956.3,59%
400560010260002,Carlinville High School,Carlinville,Macoupin,HIGH SCHOOL,490.1,484.4,974.5,60%
400560020260004,Northwestern High School,Palmyra,Macoupin,HIGH SCHOOL,472.4,432.0,904.4,56%
400560050260001,Mt Olive High School,Mount Olive,Macoupin,HIGH SCHOOL,439.4,429.4,868.8,54%
400560060260001,Staunton High School,Staunton,Macoupin,HIGH SCHOOL,492.5,463.5,956.0,59%
400560070260003,Gillespie High School,Gillespie,Macoupin,HIGH SCHOOL,472.9,454.8,927.7,57%
400560080260001,Bunker Hill High School,Bunker Hill,Macoupin,HIGH SCHOOL,438.8,400.0,838.8,52%
400560090260001,Southwestern High School,Piasa,Macoupin,HIGH SCHOOL,467.2,452.4,919.5999999999999,57%
400560340260001,North Mac High School,Virden,Macoupin,HIGH SCHOOL,467.2,426.0,893.2,55%
410570010260001,Roxana Sr High School,Roxana,Madison,HIGH SCHOOL,457.0,445.1,902.1,56%
410570020260001,Triad High School,Troy,Madison,HIGH SCHOOL,515.9,513.3,1029.1999999999998,64%
410570050260001,Highland High School,Highland,Madison,HIGH SCHOOL,499.3,491.8,991.1,61%
410570070260001,Edwardsville High School,Edwardsville,Madison,HIGH SCHOOL,527.1,510.3,1037.4,64%
410570080260001,Civic Memorial High School,Bethalto,Madison,HIGH SCHOOL,478.6,445.1,923.7,57%
410570090260001,Granite City High School,Granite City,Madison,HIGH SCHOOL,452.0,426.0,878.0,54%
410570100260001,Collinsville High School,Collinsville,Madison,HIGH SCHOOL,460.8,437.2,898.0,56%
410570110260001,Alton High School,Alton,Madison,HIGH SCHOOL,459.0,447.5,906.5,56%
410570120260001,Madison Senior High School,Madison,Madison,HIGH SCHOOL,409.4,393.9,803.3,50%
410570140160001,East Alton-Wood River High Sch,Wood River,Madison,HIGH SCHOOL,446.7,423.1,869.8,54%
440630120260002,Johnsburg High School,Johnsburg,McHenry,HIGH SCHOOL,500.1,487.4,987.5,61%
440630190240002,Alden-Hebron High School,Hebron,McHenry,HIGH SCHOOL,435.2,445.2,880.4,55%
440630500260001,Harvard High School,Harvard,McHenry,HIGH SCHOOL,437.0,413.8,850.8,53%
440631540160001,Marengo High School,Marengo,McHenry,HIGH SCHOOL,486.7,480.8,967.5,60%
440631550160001,Crystal Lake Central High School,Crystal Lake,McHenry,HIGH SCHOOL,511.9,491.8,1003.7,62%
440631550160002,Cary-Grove Community High School,Cary,McHenry,HIGH SCHOOL,527.9,513.4,1041.3,65%
440631550160003,Crystal Lake South High School,Crystal Lake,McHenry,HIGH SCHOOL,502.0,483.0,985.0,61%
440631550160004,Prairie Ridge High School,Crystal Lake,McHenry,HIGH SCHOOL,524.7,520.2,1044.9,65%
440631560160003,McHenry Community High School,Mchenry,McHenry,HIGH SCHOOL,476.4,463.4,939.8,58%
440631570160001,Richmond-Burton High School,Richmond,McHenry,HIGH SCHOOL,515.5,522.6,1038.1,64%
440631580220002,Huntley High School,Huntley,McHenry,HIGH SCHOOL,524.4,505.0,1029.4,64%
440632000260008,Woodstock High School,Woodstock,McHenry,HIGH SCHOOL,508.3,481.6,989.9000000000001,61%
440632000260009,Woodstock North High School,Woodstock,McHenry,HIGH SCHOOL,498.9,475.7,974.5999999999999,60%
450670030260001,Valmeyer High School,Valmeyer,Monroe,HIGH SCHOOL,488.6,448.6,937.2,58%
450670040260001,Columbia High School,Columbia,Monroe,HIGH SCHOOL,511.0,508.4,1019.4,63%
450670050260001,Waterloo High School,Waterloo,Monroe,HIGH SCHOOL,507.1,501.4,1008.5,63%
450790010220001,Coulterville High School,Coulterville,Randolph,HIGH SCHOOL,441.7,402.2,843.9,52%
450791320260001,Red Bud High School,Red Bud,Randolph,HIGH SCHOOL,478.9,461.3,940.2,58%
450791380260001,Steeleville High School,Steeleville,Randolph,HIGH SCHOOL,497.3,515.0,1012.3,63%
450791390260001,Chester High School,Chester,Randolph,HIGH SCHOOL,454.7,420.1,874.8,54%
450791400260001,Sparta High School,Sparta,Randolph,HIGH SCHOOL,448.9,441.0,889.9,55%
470521700220001,Dixon High School,Dixon,Lee,HIGH SCHOOL,467.2,433.3,900.5,56%
470522720260001,Amboy High School,Amboy,Lee,HIGH SCHOOL,470.4,439.2,909.5999999999999,56%
470522750260001,Ashton-Franklin Center HS,Ashton,Lee,HIGH SCHOOL,475.7,427.1,902.8,56%
470712120170001,Rochelle Twp High School,Rochelle,Ogle,HIGH SCHOOL,466.2,456.9,923.0999999999999,57%
470712200260001,Oregon  Jr/Sr High School,Oregon,Ogle,HIGH SCHOOL,471.1,445.8,916.9000000000001,57%
470712210260004,Forreston Jr/Sr High Sch,Forreston,Ogle,HIGH SCHOOL,482.5,478.4,960.9,60%
470712220260004,Polo Comm High School,Polo,Ogle,HIGH SCHOOL,481.8,452.2,934.0,58%
470712230260003,Stillman Valley High School,Stillman Valley,Ogle,HIGH SCHOOL,499.5,477.9,977.4,61%
470712260260001,Byron High School 9-12,Byron,Ogle,HIGH SCHOOL,519.7,497.5,1017.2,63%
470980010260001,Erie High School,Erie,Whiteside,HIGH SCHOOL,513.9,485.2,999.0999999999999,62%
470980020260001,Fulton High School,Fulton,Whiteside,HIGH SCHOOL,483.3,472.2,955.5,59%
470980030260001,Prophetstown High School,Prophetstown,Whiteside,HIGH SCHOOL,475.9,446.3,922.2,57%
470980050260014,Sterling High School,Sterling,Whiteside,HIGH SCHOOL,460.0,454.4,914.4,57%
470980060260001,Morrison High School,Morrison,Whiteside,HIGH SCHOOL,494.2,470.8,965.0,60%
470983010170001,Rock Falls Township High School,Rock Falls,Whiteside,HIGH SCHOOL,491.5,457.5,949.0,59%
480721500250023,Manual High School,Peoria,Peoria,HIGH SCHOOL,378.6,357.2,735.8,45%
480721500250024,Peoria High School,Peoria,Peoria,HIGH SCHOOL,395.0,375.5,770.5,48%
480721500250025,Richwoods High School,Peoria,Peoria,HIGH SCHOOL,484.4,460.8,945.2,59%
480722650260001,Farmington Central High Sch,Farmington,Peoria,HIGH SCHOOL,478.8,453.7,932.5,58%
480723090260003,Brimfield High School,Brimfield,Peoria,HIGH SCHOOL,513.0,505.2,1018.2,63%
480723100160001,Limestone Community High School,Peoria,Peoria,HIGH SCHOOL,457.4,452.1,909.5,56%
480723210260007,Il Valley Central High School,Chillicothe,Peoria,HIGH SCHOOL,495.6,487.6,983.2,61%
480723220260004,Elmwood High School,Elmwood,Peoria,HIGH SCHOOL,509.5,475.7,985.2,61%
480723230260004,Dunlap High School,Dunlap,Peoria,HIGH SCHOOL,557.2,560.2,1117.4,69%
480723250260005,Peoria Heights High School,Peoria Heights,Peoria,HIGH SCHOOL,439.8,410.8,850.6,53%
480723260260005,Princeville High School,Princeville,Peoria,HIGH SCHOOL,506.1,502.8,1008.9000000000001,63%
480723270260008,Illini Bluffs High School,Glasford,Peoria,HIGH SCHOOL,497.8,485.8,983.6,61%
490810300170001,United Twp High School,East Moline,Rock Island,HIGH SCHOOL,444.5,428.3,872.8,54%
490810400220001,Moline Sr High School,Moline,Rock Island,HIGH SCHOOL,466.1,449.1,915.2,57%
490810410250001,Rock Island High School,Rock Island,Rock Island,HIGH SCHOOL,440.2,419.5,859.7,53%
490811000260001,Riverdale Sr High School,Port Byron,Rock Island,HIGH SCHOOL,504.3,505.5,1009.8,63%
490812000260001,Sherrard High School,Sherrard,Rock Island,HIGH SCHOOL,480.0,461.3,941.3,58%
490813000260001,Rockridge High School,Taylor Ridge,Rock Island,HIGH SCHOOL,499.4,480.6,980.0,61%
500820090260003,Lebanon High School,Lebanon,Saint Clair,HIGH SCHOOL,486.2,445.5,931.7,58%
500820190260001,Mascoutah High School,Mascoutah,Saint Clair,HIGH SCHOOL,528.6,505.5,1034.1,64%
500820400260001,Marissa Jr & Sr High School,Marissa,Saint Clair,HIGH SCHOOL,449.4,444.7,894.0999999999999,55%
500820600260003,New Athens High School,New Athens,Saint Clair,HIGH SCHOOL,471.8,437.9,909.7,56%
500820770160001,Freeburg Community High Sch,Freeburg,Saint Clair,HIGH SCHOOL,506.3,496.9,1003.2,62%
500821870260011,Cahokia High School,Cahokia,Saint Clair,HIGH SCHOOL,400.5,377.5,778.0,48%
500821890220043,East St Louis Senior High School,East Saint Louis,Saint Clair,HIGH SCHOOL,396.9,377.5,774.4,48%
500821960260001,Dupo High School,Dupo,Saint Clair,HIGH SCHOOL,439.3,416.7,856.0,53%
500822010170001,Belleville High School-East,Belleville,Saint Clair,HIGH SCHOOL,482.9,462.8,945.7,59%
500822010170002,Belleville High School-West,Belleville,Saint Clair,HIGH SCHOOL,462.5,440.8,903.3,56%
500822030170001,O Fallon High School,O Fallon,Saint Clair,HIGH SCHOOL,517.9,504.5,1022.4,63%
510652020260001,Porta High School,Petersburg,Menard,HIGH SCHOOL,480.4,461.3,941.7,58%
510652130260001,Athens Sr High School,Athens,Menard,HIGH SCHOOL,496.7,464.3,961.0,60%
510840010260001,Tri-City High School,Buffalo,Sangamon,HIGH SCHOOL,479.6,449.3,928.9000000000001,58%
51084003A260001,Rochester High School,Rochester,Sangamon,HIGH SCHOOL,505.2,485.1,990.3,61%
510840050260001,Glenwood High School,Chatham,Sangamon,HIGH SCHOOL,516.2,507.3,1023.5,63%
510840080260001,Pleasant Plains High School,Pleasant Plains,Sangamon,HIGH SCHOOL,504.6,491.4,996.0,62%
510840100260001,Auburn High School,Auburn,Sangamon,HIGH SCHOOL,483.9,445.6,929.5,58%
510840110260001,Pawnee Jr/Sr High Sch,Pawnee,Sangamon,HIGH SCHOOL,480.3,441.9,922.2,57%
510840140260001,Riverton High School,Riverton,Sangamon,HIGH SCHOOL,471.2,443.3,914.5,57%
510840150260001,Williamsville High School,Williamsville,Sangamon,HIGH SCHOOL,516.1,491.2,1007.3,62%
510840160260001,New Berlin High School,New Berlin,Sangamon,HIGH SCHOOL,495.1,479.5,974.6,60%
510841860250001,Lanphier High School,Springfield,Sangamon,HIGH SCHOOL,442.3,418.3,860.6,53%
510841860250002,Springfield High School,Springfield,Sangamon,HIGH SCHOOL,502.0,483.5,985.5,61%
510841860250003,Springfield Southeast High Sch,Springfield,Sangamon,HIGH SCHOOL,435.0,402.5,837.5,52%
530601260260001,Havana High School,Havana,Mason,HIGH SCHOOL,465.3,443.4,908.7,56%
530601890260001,Illini Central High School,Mason City,Mason,HIGH SCHOOL,479.4,456.8,936.2,58%
530601910260001,Midwest Central High School,Manito,Mason,HIGH SCHOOL,460.3,438.3,898.6,56%
530903030160002,Pekin Community High School,Pekin,Tazewell,HIGH SCHOOL,465.3,463.5,928.8,58%
530903080160001,Washington Comm High School,Washington,Tazewell,HIGH SCHOOL,520.9,526.7,1047.6,65%
530903090160001,East Peoria High School,East Peoria,Tazewell,HIGH SCHOOL,465.5,447.0,912.5,57%
530907010260001,Dee-Mack High School,Mackinaw,Tazewell,HIGH SCHOOL,513.6,475.2,988.8,61%
530907020260001,Tremont High School,Tremont,Tazewell,HIGH SCHOOL,481.7,482.1,963.8,60%
530907030260001,Delavan High School,Delavan,Tazewell,HIGH SCHOOL,506.3,480.3,986.6,61%
530907090260006,Morton High School,Morton,Tazewell,HIGH SCHOOL,546.9,537.5,1084.4,67%
531020060260001,Fieldcrest High School,Minonk,Woodford,HIGH SCHOOL,459.3,438.9,898.2,56%
531020110260001,El Paso-Gridley High School,El Paso,Woodford,HIGH SCHOOL,507.2,489.6,996.8,62%
531020210260001,Lowpoint-Washburn Jr Sr High Sch,Washburn,Woodford,HIGH SCHOOL,471.8,464.5,936.3,58%
531020600260001,Roanoke-Benson High School,Roanoke,Woodford,HIGH SCHOOL,512.8,492.0,1004.8,62%
531021220170001,Metamora High School,Metamora,Woodford,HIGH SCHOOL,527.6,518.3,1045.9,65%
531021400260001,Eureka High School,Eureka,Woodford,HIGH SCHOOL,522.1,524.8,1046.9,65%
540920020260004,Westville High School,Westville,Vermilion,HIGH SCHOOL,466.7,443.3,910.0,56%
540920040260004,Georgetown-Ridge Farm High School,Georgetown,Vermilion,HIGH SCHOOL,425.5,423.8,849.3,53%
540920110260005,Hoopeston Area High School,Hoopeston,Vermilion,HIGH SCHOOL,445.0,424.4,869.4,54%
540920760260001,Oakwood High School,Fithian,Vermilion,HIGH SCHOOL,467.6,454.9,922.5,57%
540921180240022,Danville High School,Danville,Vermilion,HIGH SCHOOL,425.0,394.6,819.6,51%
540922250170001,Armstrong High School,Armstrong,Vermilion,HIGH SCHOOL,500.3,463.1,963.4000000000001,60%
540925120260001,Salt Fork High School,Catlin,Vermilion,HIGH SCHOOL,457.3,438.3,895.6,55%
540928000800001,Bismarck Henning Rossville Alvin Cooperative High School,Bismarck,Vermilion,HIGH SCHOOL,468.9,452.7,921.5999999999999,57%
56099200U260001,Beecher High School,Beecher,Will,HIGH SCHOOL,515.3,473.5,988.8,61%
56099201U260001,Crete-Monee High School,Crete,Will,HIGH SCHOOL,443.1,417.4,860.5,53%
560992020220001,Plainfield High School,Plainfield,Will,HIGH SCHOOL,482.3,478.3,960.6,60%
560992020220002,Plainfield South High School,Plainfield,Will,HIGH SCHOOL,472.9,471.3,944.2,59%
560992020220003,Plainfield North High School,Plainfield,Will,HIGH SCHOOL,524.7,514.2,1038.9,64%
560992020220004,Plainfield East High School,Plainfield,Will,HIGH SCHOOL,490.1,482.2,972.3,60%
560992040170001,Joliet Central High School,Joliet,Will,HIGH SCHOOL,431.2,416.7,847.9,52%
560992040170003,Joliet West High School,Joliet,Will,HIGH SCHOOL,459.2,444.3,903.5,56%
560992050170001,Lockport Township High Sch East,Lockport,Will,HIGH SCHOOL,502.8,500.7,1003.5,62%
56099207U260001,Peotone High School,Peotone,Will,HIGH SCHOOL,467.5,438.5,906.0,56%
56099209U260001,Wilmington High School,Wilmington,Will,HIGH SCHOOL,488.1,468.2,956.3,59%
560992100160001,Lincoln-Way Central High School,New Lenox,Will,HIGH SCHOOL,549.9,540.7,1090.6,68%
560992100160002,Lincoln-Way East High School,Frankfort,Will,HIGH SCHOOL,553.0,541.8,1094.8,68%
560992100160004,Lincoln Way West,New Lenox,Will,HIGH SCHOOL,535.7,523.0,1058.7,66%
56099255U260001,Reed-Custer High School,Braidwood,Will,HIGH SCHOOL,478.8,466.8,945.6,59%
56099365U260007,Bolingbrook High School,Bolingbrook,Will,HIGH SCHOOL,476.9,465.7,942.5999999999999,58%
56099365U260008,Romeoville High School,Romeoville,Will,HIGH SCHOOL,467.6,459.8,927.4000000000001,57%
651089010800001,University High School,Normal,State Of Illinois,HIGH SCHOOL,561.2,574.5,1135.7,70%
651089020800001,University of Illinois High Sch,Urbana,State Of Illinois,HIGH SCHOOL,716.2,723.8,1440.0,9%
651089030800001,Illinois Mathematics and Science Academy,Aurora,State Of Illinois,HIGH SCHOOL,668.6,710.5,1379.1,86%
